{"actions":[],"apps":[{"acl":{"app":[],"field":[],"record":[]},"app":null,"category":{"categories":[],"useCategory":"false"},"form":{"layout":"[{\"id\":null,\"type\":\"ROW\",\"isSubTable\":false,\"var\":null,\"controlList\":[{\"isVirtical\":true,\"styleMap\":{\"width\":196},\"type\":\"SINGLE_SELECT\",\"var\":\"所属仓库\",\"label\":\"所属仓库\"},{\"isVirtical\":true,\"styleMap\":{\"width\":196},\"type\":\"SINGLE_SELECT\",\"var\":\"所属库位\",\"label\":\"所属库位\"}]},{\"id\":null,\"type\":\"ROW\",\"isSubTable\":false,\"var\":null,\"controlList\":[{\"isVirtical\":true,\"styleMap\":{\"width\":193},\"type\":\"SINGLE_LINE_TEXT\",\"var\":\"商品名称\",\"label\":\"商品名称\"},{\"isVirtical\":true,\"styleMap\":{\"width\":193},\"type\":\"SINGLE_LINE_TEXT\",\"var\":\"商品编号\",\"label\":\"商品编号\"},{\"isVirtical\":true,\"styleMap\":{\"width\":193},\"type\":\"SINGLE_LINE_TEXT\",\"var\":\"规格\",\"label\":\"规格\"},{\"isVirtical\":true,\"styleMap\":{\"width\":193},\"type\":\"SINGLE_LINE_TEXT\",\"var\":\"预售价格\",\"label\":\"预售价格\"}]},{\"id\":null,\"type\":\"ROW\",\"isSubTable\":false,\"var\":null,\"controlList\":[{\"label\":\"\\u003Cdiv\\u003E\\u003Cspan style=\\\"color: rgb(255,0,0);\\\"\\u003E※\\u003C/span\\u003E\\u003Cspan style=\\\"color: rgb(255,0,0);\\\"\\u003E出入库数：出库的情况，数字前面输入负号“-”\\u003C/span\\u003E\\u003Cbr /\\u003E\\u003C/div\\u003E\",\"styleMap\":{\"width\":416},\"formatted\":\"\\u003Cdiv\\u003E\\u003Cspan style=\\\"color: rgb(255,0,0);\\\"\\u003E※\\u003C/span\\u003E\\u003Cspan style=\\\"color: rgb(255,0,0);\\\"\\u003E出入库数：出库的情况，数字前面输入负号&ldquo;-&rdquo;\\u003C/span\\u003E\\u003Cbr\\u003E\\u003C/div\\u003E\",\"type\":\"LABEL\"}]},{\"id\":\"5517218\",\"type\":\"SUBTABLE\",\"isSubTable\":true,\"var\":\"出入库情况\",\"controlList\":[{\"isVirtical\":true,\"styleMap\":{\"width\":117},\"type\":\"DATE\",\"var\":\"出入库日期\",\"label\":\"出入库日期\"},{\"isVirtical\":true,\"styleMap\":{\"width\":162},\"type\":\"DECIMAL\",\"var\":\"出入库数量\",\"label\":\"出入库数量\"},{\"isVirtical\":true,\"styleMap\":{\"width\":364},\"type\":\"SINGLE_LINE_TEXT\",\"var\":\"备注\",\"label\":\"备注\"}]},{\"id\":null,\"type\":\"ROW\",\"isSubTable\":false,\"var\":null,\"controlList\":[{\"isVirtical\":true,\"styleMap\":{\"width\":193},\"type\":\"CALC\",\"var\":\"库存数量\",\"label\":\"库存数量\"},{\"isVirtical\":true,\"styleMap\":{\"width\":64},\"type\":\"SINGLE_LINE_TEXT\",\"var\":\"单位\",\"label\":\"单位\"}]},{\"id\":null,\"type\":\"ROW\",\"isSubTable\":false,\"var\":null,\"controlList\":[{\"isVirtical\":true,\"styleMap\":{\"width\":207},\"type\":\"FILE\",\"var\":\"照片\",\"label\":\"照片\"}]}]","revision":null},"iconMeta":{"internalName":null,"mime":"image/png","name":"在庫管理.png"},"info":{"automaticallyChooseTitleComponent":"false","code":null,"decimalPrecision":"16","decimalScale":"4","description":"\u003Cdiv\u003E\u003Cbr /\u003E\u003C/div\u003E","enableBulkDeletion":"false","fiscalYearStartMonth":"4","iconKey":"46","iconType":"BLOB","jsFiles":null,"jsScope":"ALL","name":"商品库存管理","roundingMode":"HALF_EVEN","theme":"PLAIN","titleComponentLocalId":null,"useComment":"true","useHistory":"true","useThumbnail":"true"},"jsFiles":[],"notification":{"appNotifications":[{"events":["RECORD_COMMENT_ADDED"],"target":{"entityId":"5517184","entityType":"FIELD_ENTITY","includeSubs":"false"}},{"events":["RECORD_COMMENT_ADDED"],"target":{"entityId":"5517185","entityType":"FIELD_ENTITY","includeSubs":"false"}}],"recordNotifications":[],"reminderTimezone":"Asia/Shanghai","reminders":[],"useComment":"true","useReminder":"false"},"plugin":{"pluginIds":[]},"reports":[],"resource":{"tables":[{"rows":[{"fields":[{"language":"zh","value":""},{"language":"en","value":""},{"language":"ja","value":""}],"objectId":"0","subObjectId":"-1"}],"type":"AppName"},{"rows":[{"fields":[{"language":"zh","value":""},{"language":"en","value":""},{"language":"ja","value":""}],"objectId":"0","subObjectId":"-1"}],"type":"AppDescription"},{"rows":[{"fields":[{"language":"zh","value":""},{"language":"en","value":""},{"language":"ja","value":""}],"objectId":"5517183","subObjectId":"-1"},{"fields":[{"language":"zh","value":""},{"language":"en","value":""},{"language":"ja","value":""}],"objectId":"5517184","subObjectId":"-1"},{"fields":[{"language":"zh","value":""},{"language":"en","value":""},{"language":"ja","value":""}],"objectId":"5517185","subObjectId":"-1"},{"fields":[{"language":"zh","value":""},{"language":"en","value":""},{"language":"ja","value":""}],"objectId":"5517186","subObjectId":"-1"},{"fields":[{"language":"zh","value":""},{"language":"en","value":""},{"language":"ja","value":""}],"objectId":"5517187","subObjectId":"-1"},{"fields":[{"language":"zh","value":""},{"language":"en","value":""},{"language":"ja","value":""}],"objectId":"5517188","subObjectId":"-1"},{"fields":[{"language":"zh","value":""},{"language":"en","value":""},{"language":"ja","value":""}],"objectId":"5517189","subObjectId":"-1"},{"fields":[{"language":"zh","value":""},{"language":"en","value":""},{"language":"ja","value":""}],"objectId":"5517190","subObjectId":"-1"},{"fields":[{"language":"zh","value":""},{"language":"en","value":""},{"language":"ja","value":""}],"objectId":"5517194","subObjectId":"-1"},{"fields":[{"language":"zh","value":""},{"language":"en","value":""},{"language":"ja","value":""}],"objectId":"5517194","subObjectId":"5517192"},{"fields":[{"language":"zh","value":""},{"language":"en","value":""},{"language":"ja","value":""}],"objectId":"5517194","subObjectId":"5517224"},{"fields":[{"language":"zh","value":""},{"language":"en","value":""},{"language":"ja","value":""}],"objectId":"5517194","subObjectId":"5517223"},{"fields":[{"language":"zh","value":""},{"language":"en","value":""},{"language":"ja","value":""}],"objectId":"5517194","subObjectId":"5517193"},{"fields":[{"language":"zh","value":""},{"language":"en","value":""},{"language":"ja","value":""}],"objectId":"5517195","subObjectId":"-1"},{"fields":[{"language":"zh","value":""},{"language":"en","value":""},{"language":"ja","value":""}],"objectId":"5517218","subObjectId":"-1"},{"fields":[{"language":"zh","value":""},{"language":"en","value":""},{"language":"ja","value":""}],"objectId":"5517215","subObjectId":"-1"},{"fields":[{"language":"zh","value":""},{"language":"en","value":""},{"language":"ja","value":""}],"objectId":"5517216","subObjectId":"-1"},{"fields":[{"language":"zh","value":""},{"language":"en","value":""},{"language":"ja","value":""}],"objectId":"5517217","subObjectId":"-1"},{"fields":[{"language":"zh","value":""},{"language":"en","value":""},{"language":"ja","value":""}],"objectId":"5517219","subObjectId":"-1"},{"fields":[{"language":"zh","value":""},{"language":"en","value":""},{"language":"ja","value":""}],"objectId":"5517222","subObjectId":"-1"},{"fields":[{"language":"zh","value":""},{"language":"en","value":""},{"language":"ja","value":""}],"objectId":"5517230","subObjectId":"-1"},{"fields":[{"language":"zh","value":""},{"language":"en","value":""},{"language":"ja","value":""}],"objectId":"5517230","subObjectId":"5517225"},{"fields":[{"language":"zh","value":""},{"language":"en","value":""},{"language":"ja","value":""}],"objectId":"5517230","subObjectId":"5517226"},{"fields":[{"language":"zh","value":""},{"language":"en","value":""},{"language":"ja","value":""}],"objectId":"5517230","subObjectId":"5517227"},{"fields":[{"language":"zh","value":""},{"language":"en","value":""},{"language":"ja","value":""}],"objectId":"5517230","subObjectId":"5517228"},{"fields":[{"language":"zh","value":""},{"language":"en","value":""},{"language":"ja","value":""}],"objectId":"5517231","subObjectId":"-1"},{"fields":[{"language":"zh","value":""},{"language":"en","value":""},{"language":"ja","value":""}],"objectId":"5517232","subObjectId":"-1"},{"fields":[{"language":"zh","value":""},{"language":"en","value":""},{"language":"ja","value":""}],"objectId":"5517233","subObjectId":"-1"},{"fields":[{"language":"zh","value":""},{"language":"en","value":""},{"language":"ja","value":""}],"objectId":"5517234","subObjectId":"-1"}],"type":"FieldLabel"},{"rows":[{"fields":[{"language":"zh","value":""},{"language":"en","value":""},{"language":"ja","value":""}],"objectId":"20","subObjectId":"-1"},{"fields":[{"language":"zh","value":""},{"language":"en","value":""},{"language":"ja","value":""}],"objectId":"5517221","subObjectId":"-1"}],"type":"ViewName"}]},"schema":{"groups":[],"revision":null,"subTable":{"5517218":{"fieldList":{"5517215":{"id":"5517215","label":"出入库日期","properties":{"defaultExpression":"NOW","defaultValue":null,"noLabel":"false","required":"false","unique":"false"},"type":"DATE","var":"出入库日期"},"5517216":{"id":"5517216","label":"出入库数量","properties":{"defaultValue":null,"digit":"false","displayScale":null,"max":null,"min":null,"noLabel":"false","required":"true","roundingMode":null,"scale":null,"unique":"false","unit":"","unitPosition":"BEFORE"},"type":"DECIMAL","var":"出入库数量"},"5517217":{"id":"5517217","label":"备注","properties":{"defaultValue":"","expression":"","hideExpression":"false","max":null,"min":null,"noLabel":"false","required":"false","unique":"false"},"type":"SINGLE_LINE_TEXT","var":"备注"}},"id":"5517218","label":"出入库情况","var":"出入库情况"}},"table":{"fieldList":{"5517183":{"id":"5517183","label":"记录编号","properties":{"noLabel":"false","required":"true"},"type":"RECORD_ID","var":"记录编号"},"5517184":{"id":"5517184","label":"更新人","properties":{"noLabel":"false","required":"true"},"type":"MODIFIER","var":"更新人"},"5517185":{"id":"5517185","label":"创建人","properties":{"noLabel":"false","required":"true"},"type":"CREATOR","var":"创建人"},"5517186":{"id":"5517186","label":"更新时间","properties":{"noLabel":"false","required":"true"},"type":"MODIFIED_AT","var":"更新时间"},"5517187":{"id":"5517187","label":"创建时间","properties":{"noLabel":"false","required":"true"},"type":"CREATED_AT","var":"创建时间"},"5517188":{"id":"5517188","label":"状态","properties":{"noLabel":"false","required":"false"},"type":"STATUS","var":"状态"},"5517189":{"id":"5517189","label":"执行者","properties":{"noLabel":"false","required":"false"},"type":"STATUS_ASSIGNEE","var":"执行者"},"5517190":{"id":"5517190","label":"类别","properties":{"noLabel":"false","required":"false"},"type":"CATEGORY","var":"类别"},"5517194":{"id":"5517194","label":"所属仓库","properties":{"defaultValue":null,"noLabel":"false","options":[{"id":"5517192","label":"上海A","valid":true},{"id":"5517224","label":"上海B","valid":true},{"id":"5517223","label":"苏州","valid":true},{"id":"5517193","label":"无锡","valid":true}],"required":"false"},"type":"SINGLE_SELECT","var":"所属仓库"},"5517195":{"id":"5517195","label":"商品名称","properties":{"defaultValue":"","expression":"","hideExpression":"false","max":null,"min":null,"noLabel":"false","required":"true","unique":"false"},"type":"SINGLE_LINE_TEXT","var":"商品名称"},"5517219":{"id":"5517219","label":"库存数量","properties":{"displayScale":null,"expression":"SUM(出入库数量)","format":"NUMBER","hideExpression":"false","noLabel":"false","required":"false","roundingMode":null,"scale":null,"unit":"","unitPosition":"BEFORE"},"type":"CALC","var":"库存数量"},"5517222":{"id":"5517222","label":"照片","properties":{"noLabel":"false","required":"false","thumbnailSize":"150"},"type":"FILE","var":"照片"},"5517230":{"id":"5517230","label":"所属库位","properties":{"defaultValue":null,"noLabel":"false","options":[{"id":"5517225","label":"1-1","valid":true},{"id":"5517226","label":"1-2","valid":true},{"id":"5517227","label":"2-1","valid":true},{"id":"5517228","label":"2-2","valid":true}],"required":"false"},"type":"SINGLE_SELECT","var":"所属库位"},"5517231":{"id":"5517231","label":"商品编号","properties":{"defaultValue":"","expression":"","hideExpression":"false","max":null,"min":null,"noLabel":"false","required":"false","unique":"false"},"type":"SINGLE_LINE_TEXT","var":"商品编号"},"5517232":{"id":"5517232","label":"规格","properties":{"defaultValue":"","expression":"","hideExpression":"false","max":null,"min":null,"noLabel":"false","required":"false","unique":"false"},"type":"SINGLE_LINE_TEXT","var":"规格"},"5517233":{"id":"5517233","label":"预售价格","properties":{"defaultValue":"","expression":"","hideExpression":"false","max":null,"min":null,"noLabel":"false","required":"false","unique":"false"},"type":"SINGLE_LINE_TEXT","var":"预售价格"},"5517234":{"id":"5517234","label":"单位","properties":{"defaultValue":"","expression":"","hideExpression":"false","max":null,"min":null,"noLabel":"false","required":"false","unique":"false"},"type":"SINGLE_LINE_TEXT","var":"单位"}},"id":"1","label":"__ROOT__","var":"__ROOT__"}},"status":{"actions":[],"filters":[],"initialStateId":null,"states":[],"useStatus":"false"},"uuid":"77f407dd-0ac3-46b5-9047-a80d72059a02","views":[{"advancedMode":"false","builtinType":null,"device":null,"fields":[{"row":[{"id":"5517195"},{"id":"5517218"},{"id":"5517219"},{"id":"5517234"},{"id":"5517194"},{"id":"5517230"}]}],"filter":{"category":null,"offset":null,"order":["DESC"],"q":null,"size":null,"sort":["f5517183"]},"html":null,"keyFieldId":null,"name":"商品一览","pager":null,"revision":null,"titleFieldId":null,"view":"5517221","viewType":"LIST"},{"advancedMode":null,"builtinType":"ALL","device":null,"fields":[{"row":[{"id":"5517183"},{"id":"5517194"},{"id":"5517195"},{"id":"5517219"},{"id":"5517222"},{"id":"5517230"},{"id":"5517231"},{"id":"5517232"},{"id":"5517233"},{"id":"5517234"}]}],"filter":{"category":null,"offset":null,"order":[],"q":null,"size":null,"sort":[]},"html":null,"keyFieldId":null,"name":"（全部）","pager":null,"revision":null,"titleFieldId":null,"view":"20","viewType":"LIST"}]}],"description":"","iconKey":"201909050213167CE23548B5234898AEBDECBE8B4B6645227","iconMeta":{"internalName":null,"mime":"image/png","name":"在庫管理.png"},"iconSrcAppId":"77f407dd-0ac3-46b5-9047-a80d72059a02","iconType":"BLOB","imagesMeta":[],"lookups":[],"name":"商品库存管理","references":[],"version":"26"}